<?xml version="1.0" encoding="UTF-8"?>

<mule xmlns:http="http://www.mulesoft.org/schema/mule/http" xmlns:jms="http://www.mulesoft.org/schema/mule/jms" xmlns="http://www.mulesoft.org/schema/mule/core" xmlns:doc="http://www.mulesoft.org/schema/mule/documentation"
	xmlns:spring="http://www.springframework.org/schema/beans" 
	xmlns:xsi="http://www.w3.org/2001/XMLSchema-instance"
	xsi:schemaLocation="http://www.springframework.org/schema/beans http://www.springframework.org/schema/beans/spring-beans-current.xsd
http://www.mulesoft.org/schema/mule/core http://www.mulesoft.org/schema/mule/core/current/mule.xsd
http://www.mulesoft.org/schema/mule/http http://www.mulesoft.org/schema/mule/http/current/mule-http.xsd
http://www.mulesoft.org/schema/mule/jms http://www.mulesoft.org/schema/mule/jms/current/mule-jms.xsd">
    <http:listener-config name="HTTP_Listener_Configuration" host="0.0.0.0" port="8099" doc:name="HTTP Listener Configuration"/>
    <jms:activemq-connector name="Active_MQ" specification="1.1" username="admin" password="admin" brokerURL="tcp://localhost:61616" validateConnections="true" doc:name="Active MQ"/>
    <jms:activemq-connector name="Active_MQ1" specification="1.1" username="admin" password="admin" brokerURL="tcp://localhost:61616" validateConnections="true" doc:name="Active MQ"/>
    <jms:activemq-connector name="Active_MQ2" specification="1.1" username="admin" password="admin" brokerURL="tcp://localhost:61616" validateConnections="true" doc:name="Active MQ"/>
    <flow name="request-responce-jmsFlow">
        <http:listener config-ref="HTTP_Listener_Configuration" path="/jms" doc:name="HTTP"/>
        <request-reply doc:name="Request-Reply">
            <jms:outbound-endpoint exchange-pattern="request-response" queue="testqueue" connector-ref="Active_MQ" doc:name="JMS"/>
            <jms:inbound-endpoint exchange-pattern="request-response" queue="testqueue1" connector-ref="Active_MQ1" doc:name="JMS"/>
        </request-reply>
    </flow>
    <flow name="request-responce-jmsFlow1">
        <jms:inbound-endpoint exchange-pattern="request-response" queue="testqueue" connector-ref="Active_MQ2" doc:name="JMS"/>
        <set-payload value="hello" doc:name="Set Payload"/>
    </flow>
</mule>
